,Frame,Previous Position,Previous Velocity,Action,Position,Velocity,Reward,Terminal,Truncated
0,0.0,-0.4004722535610199,0.0,1.0,-0.40137484669685364,-0.0009025923209264874,-1.0,0.0,0.0
1,1.0,-0.40137484669685364,-0.0009025923209264874,1.0,-0.4031737148761749,-0.0017988685285672545,-1.0,0.0,0.0
2,2.0,-0.4031737148761749,-0.0017988685285672545,1.0,-0.40585625171661377,-0.0026825370732694864,-1.0,0.0,0.0
3,3.0,-0.40585625171661377,-0.0026825370732694864,1.0,-0.40940359234809875,-0.0035473566967993975,-1.0,0.0,0.0
4,4.0,-0.40940359234809875,-0.0035473566967993975,1.0,-0.413790762424469,-0.004387165419757366,-1.0,0.0,0.0
5,5.0,-0.413790762424469,-0.004387165419757366,1.0,-0.4189866781234741,-0.005195910576730967,-1.0,0.0,0.0
6,6.0,-0.4189866781234741,-0.005195910576730967,1.0,-0.424954354763031,-0.005967685021460056,-1.0,0.0,0.0
7,7.0,-0.424954354763031,-0.005967685021460056,1.0,-0.43165114521980286,-0.006696766708046198,-1.0,0.0,0.0
8,8.0,-0.43165114521980286,-0.006696766708046198,1.0,-0.439028799533844,-0.007377662230283022,-1.0,0.0,0.0
9,9.0,-0.439028799533844,-0.007377662230283022,1.0,-0.44703394174575806,-0.008005154319107533,-1.0,0.0,0.0
10,10.0,-0.44703394174575806,-0.008005154319107533,1.0,-0.4556083083152771,-0.008574354462325573,-1.0,0.0,0.0
11,11.0,-0.4556083083152771,-0.008574354462325573,1.0,-0.4646890461444855,-0.009080754593014717,-1.0,0.0,0.0
12,12.0,-0.4646890461444855,-0.009080754593014717,1.0,-0.47420933842658997,-0.009520281106233597,-1.0,0.0,0.0
13,13.0,-0.47420933842658997,-0.009520281106233597,1.0,-0.4840986728668213,-0.009889347478747368,-1.0,0.0,0.0
14,14.0,-0.4840986728668213,-0.009889347478747368,1.0,-0.4942835867404938,-0.010184905491769314,-1.0,0.0,0.0
15,15.0,-0.4942835867404938,-0.010184905491769314,1.0,-0.5046880841255188,-0.010404486209154129,-1.0,0.0,0.0
16,16.0,-0.5046880841255188,-0.010404486209154129,1.0,-0.5152342915534973,-0.010546240024268627,-1.0,0.0,0.0
17,17.0,-0.5152342915534973,-0.010546240024268627,1.0,-0.5258432626724243,-0.010608967393636703,-1.0,0.0,0.0
18,18.0,-0.5258432626724243,-0.010608967393636703,1.0,-0.5364354252815247,-0.010592133738100529,-1.0,0.0,0.0
19,19.0,-0.5364354252815247,-0.010592133738100529,1.0,-0.5469313263893127,-0.010495882481336594,-1.0,0.0,0.0
20,20.0,-0.5469313263893127,-0.010495882481336594,1.0,-0.5572523474693298,-0.01032103132456541,-1.0,0.0,0.0
21,21.0,-0.5572523474693298,-0.01032103132456541,1.0,-0.5673214197158813,-0.010069058276712894,-1.0,0.0,0.0
22,22.0,-0.5673214197158813,-0.010069058276712894,1.0,-0.5770634412765503,-0.009742078371345997,-1.0,0.0,0.0
23,23.0,-0.5770634412765503,-0.009742078371345997,1.0,-0.5864062905311584,-0.00934281013906002,-1.0,0.0,0.0
24,24.0,-0.5864062905311584,-0.00934281013906002,1.0,-0.5952808260917664,-0.008874536491930485,-1.0,0.0,0.0
25,25.0,-0.5952808260917664,-0.008874536491930485,1.0,-0.6036218404769897,-0.008341055363416672,-1.0,0.0,0.0
26,26.0,-0.6036218404769897,-0.008341055363416672,1.0,-0.6113684773445129,-0.007746630348265171,-1.0,0.0,0.0
27,27.0,-0.6113684773445129,-0.007746630348265171,1.0,-0.6184644103050232,-0.007095937617123127,-1.0,0.0,0.0
28,28.0,-0.6184644103050232,-0.007095937617123127,1.0,-0.6248584389686584,-0.006394010968506336,-1.0,0.0,0.0
29,29.0,-0.6248584389686584,-0.006394010968506336,1.0,-0.6305046677589417,-0.005646190140396357,-1.0,0.0,0.0
30,30.0,-0.6305046677589417,-0.005646190140396357,1.0,-0.6353626847267151,-0.004858070984482765,-1.0,0.0,0.0
31,31.0,-0.6353626847267151,-0.004858070984482765,1.0,-0.6393981575965881,-0.004035458900034428,-1.0,0.0,0.0
32,32.0,-0.6393981575965881,-0.004035458900034428,1.0,-0.6425824761390686,-0.0031843276228755713,-1.0,0.0,0.0
33,33.0,-0.6425824761390686,-0.0031843276228755713,1.0,-0.6448932886123657,-0.002310779644176364,-1.0,0.0,0.0
34,34.0,-0.6448932886123657,-0.002310779644176364,1.0,-0.646314263343811,-0.0014210143126547337,-1.0,0.0,0.0
35,35.0,-0.646314263343811,-0.0014210143126547337,1.0,-0.6468355655670166,-0.0005212973337620497,-1.0,0.0,0.0
36,36.0,-0.6468355655670166,-0.0005212973337620497,1.0,-0.6464534997940063,0.00038206626777537167,-1.0,0.0,0.0
37,37.0,-0.6464534997940063,0.00038206626777537167,2.0,-0.6441707611083984,0.0022827573120594025,-1.0,0.0,0.0
38,38.0,-0.6441707611083984,0.0022827573120594025,2.0,-0.6400033235549927,0.004167456645518541,-1.0,0.0,0.0
39,39.0,-0.6400033235549927,0.004167456645518541,2.0,-0.6339804530143738,0.006022854242473841,-1.0,0.0,0.0
40,40.0,-0.6339804530143738,0.006022854242473841,2.0,-0.6261447668075562,0.007835669443011284,-1.0,0.0,0.0
41,41.0,-0.6261447668075562,0.007835669443011284,2.0,-0.6165521144866943,0.009592690505087376,-1.0,0.0,0.0
42,42.0,-0.6165521144866943,0.009592690505087376,2.0,-0.6052712798118591,0.011280839331448078,-1.0,0.0,0.0
43,43.0,-0.6052712798118591,0.011280839331448078,2.0,-0.5923839807510376,0.012887272983789444,-1.0,0.0,0.0
44,44.0,-0.5923839807510376,0.012887272983789444,2.0,-0.5779844522476196,0.014399508014321327,-1.0,0.0,0.0
45,45.0,-0.5779844522476196,0.014399508014321327,2.0,-0.5621788501739502,0.015805594623088837,-1.0,0.0,0.0
46,46.0,-0.5621788501739502,0.015805594623088837,2.0,-0.5450845956802368,0.01709429919719696,-1.0,0.0,0.0
47,47.0,-0.5450845956802368,0.01709429919719696,2.0,-0.5268292427062988,0.018255330622196198,-1.0,0.0,0.0
48,48.0,-0.5268292427062988,0.018255330622196198,2.0,-0.5075497031211853,0.019279558211565018,-1.0,0.0,0.0
49,49.0,-0.5075497031211853,0.019279558211565018,2.0,-0.4873904585838318,0.02015923708677292,-1.0,0.0,0.0
50,50.0,-0.4873904585838318,0.02015923708677292,2.0,-0.46650224924087524,0.020888209342956543,-1.0,0.0,0.0
51,51.0,-0.46650224924087524,0.020888209342956543,2.0,-0.44504016637802124,0.021462075412273407,-1.0,0.0,0.0
52,52.0,-0.44504016637802124,0.021462075412273407,2.0,-0.4231618344783783,0.021878324449062347,-1.0,0.0,0.0
53,53.0,-0.4231618344783783,0.021878324449062347,2.0,-0.4010254442691803,0.022136393934488297,-1.0,0.0,0.0
54,54.0,-0.4010254442691803,0.022136393934488297,2.0,-0.3787877857685089,0.02223767340183258,-1.0,0.0,0.0
55,55.0,-0.3787877857685089,0.02223767340183258,2.0,-0.35660234093666077,0.0221854317933321,-1.0,0.0,0.0
56,56.0,-0.35660234093666077,0.0221854317933321,2.0,-0.33461764454841614,0.021984698250889778,-1.0,0.0,0.0
57,57.0,-0.33461764454841614,0.021984698250889778,2.0,-0.31297558546066284,0.021642059087753296,-1.0,0.0,0.0
58,58.0,-0.31297558546066284,0.021642059087753296,2.0,-0.29181015491485596,0.021165423095226288,-1.0,0.0,0.0
59,59.0,-0.29181015491485596,0.021165423095226288,2.0,-0.27124640345573425,0.020563757047057152,-1.0,0.0,0.0
60,60.0,-0.27124640345573425,0.020563757047057152,2.0,-0.25139960646629333,0.01984679326415062,-1.0,0.0,0.0
61,61.0,-0.25139960646629333,0.01984679326415062,2.0,-0.2323748767375946,0.019024742767214775,-1.0,0.0,0.0
62,62.0,-0.2323748767375946,0.019024742767214775,2.0,-0.2142668515443802,0.01810801401734352,-1.0,0.0,0.0
63,63.0,-0.2142668515443802,0.01810801401734352,2.0,-0.19715990126132965,0.01710696332156658,-1.0,0.0,0.0
64,64.0,-0.19715990126132965,0.01710696332156658,2.0,-0.18112821877002716,0.016031671315431595,-1.0,0.0,0.0
65,65.0,-0.18112821877002716,0.016031671315431595,2.0,-0.16623646020889282,0.014891763217747211,-1.0,0.0,0.0
66,66.0,-0.16623646020889282,0.014891763217747211,2.0,-0.1525401920080185,0.013696261681616306,-1.0,0.0,0.0
67,67.0,-0.1525401920080185,0.013696261681616306,2.0,-0.14008669555187225,0.012453495524823666,-1.0,0.0,0.0
68,68.0,-0.14008669555187225,0.012453495524823666,2.0,-0.1289156675338745,0.011171038262546062,-1.0,0.0,0.0
69,69.0,-0.1289156675338745,0.011171038262546062,2.0,-0.1190599799156189,0.00985568668693304,-1.0,0.0,0.0
70,70.0,-0.1190599799156189,0.00985568668693304,2.0,-0.11054650694131851,0.00851347018033266,-1.0,0.0,0.0
71,71.0,-0.11054650694131851,0.00851347018033266,2.0,-0.10339681059122086,0.007149695418775082,-1.0,0.0,0.0
72,72.0,-0.10339681059122086,0.007149695418775082,2.0,-0.09762780368328094,0.005769006907939911,-1.0,0.0,0.0
73,73.0,-0.09762780368328094,0.005769006907939911,2.0,-0.09325233846902847,0.004375468473881483,-1.0,0.0,0.0
74,74.0,-0.09325233846902847,0.004375468473881483,2.0,-0.09027967602014542,0.0029726619832217693,-1.0,0.0,0.0
75,75.0,-0.09027967602014542,0.0029726619832217693,2.0,-0.08871588110923767,0.001563795143738389,-1.0,0.0,0.0
76,76.0,-0.08871588110923767,0.001563795143738389,2.0,-0.08856406062841415,0.00015181694470811635,-1.0,0.0,0.0
77,77.0,-0.08856406062841415,0.00015181694470811635,2.0,-0.08982452005147934,-0.001260460470803082,-1.0,0.0,0.0
78,78.0,-0.08982452005147934,-0.001260460470803082,1.0,-0.09349475800991058,-0.003670238424092531,-1.0,0.0,0.0
79,79.0,-0.09349475800991058,-0.003670238424092531,1.0,-0.09956730157136917,-0.006072542164474726,-1.0,0.0,0.0
80,80.0,-0.09956730157136917,-0.006072542164474726,1.0,-0.10802914202213287,-0.008461840450763702,-1.0,0.0,0.0
81,81.0,-0.10802914202213287,-0.008461840450763702,1.0,-0.11886084079742432,-0.010831695050001144,-1.0,0.0,0.0
82,82.0,-0.11886084079742432,-0.010831695050001144,1.0,-0.1320352703332901,-0.013174433261156082,-1.0,0.0,0.0
83,83.0,-0.1320352703332901,-0.013174433261156082,1.0,-0.147516131401062,-0.015480859205126762,-1.0,0.0,0.0
84,84.0,-0.147516131401062,-0.015480859205126762,1.0,-0.16525614261627197,-0.01774001680314541,-1.0,0.0,0.0
85,85.0,-0.16525614261627197,-0.01774001680314541,1.0,-0.1851951777935028,-0.01993902586400509,-1.0,0.0,0.0
86,86.0,-0.1851951777935028,-0.01993902586400509,1.0,-0.2072581797838211,-0.022063005715608597,-1.0,0.0,0.0
87,87.0,-0.2072581797838211,-0.022063005715608597,1.0,-0.231353297829628,-0.024095119908452034,-1.0,0.0,0.0
88,88.0,-0.231353297829628,-0.024095119908452034,1.0,-0.2573700547218323,-0.026016758754849434,-1.0,0.0,0.0
89,89.0,-0.2573700547218323,-0.026016758754849434,1.0,-0.28517791628837585,-0.02780785970389843,-1.0,0.0,0.0
90,90.0,-0.28517791628837585,-0.02780785970389843,1.0,-0.3146253228187561,-0.029447399079799652,-1.0,0.0,0.0
91,91.0,-0.3146253228187561,-0.029447399079799652,1.0,-0.3455393612384796,-0.030914032831788063,-1.0,0.0,0.0
92,92.0,-0.3455393612384796,-0.030914032831788063,1.0,-0.3777262270450592,-0.03218686580657959,-1.0,0.0,0.0
93,93.0,-0.3777262270450592,-0.03218686580657959,1.0,-0.410972535610199,-0.033246323466300964,-1.0,0.0,0.0
94,94.0,-0.410972535610199,-0.033246323466300964,1.0,-0.4450475871562958,-0.034075040370225906,-1.0,0.0,0.0
95,95.0,-0.4450475871562958,-0.034075040370225906,1.0,-0.4797063171863556,-0.03465873748064041,-1.0,0.0,0.0
96,96.0,-0.4797063171863556,-0.03465873748064041,1.0,-0.5146933197975159,-0.03498698025941849,-1.0,0.0,0.0
97,97.0,-0.5146933197975159,-0.03498698025941849,1.0,-0.5497470498085022,-0.035053763538599014,-1.0,0.0,0.0
98,98.0,-0.5497470498085022,-0.035053763538599014,1.0,-0.5846049189567566,-0.0348578505218029,-1.0,0.0,0.0
99,99.0,-0.5846049189567566,-0.0348578505218029,1.0,-0.6190077662467957,-0.03440285474061966,-1.0,0.0,0.0
100,100.0,-0.6190077662467957,-0.03440285474061966,1.0,-0.6527047753334045,-0.03369702026247978,-1.0,0.0,0.0
101,101.0,-0.6527047753334045,-0.03369702026247978,1.0,-0.6854575276374817,-0.03275275230407715,-1.0,0.0,0.0
102,102.0,-0.6854575276374817,-0.03275275230407715,1.0,-0.7170435190200806,-0.03158595785498619,-1.0,0.0,0.0
103,103.0,-0.7170435190200806,-0.03158595785498619,1.0,-0.747258722782135,-0.030215200036764145,-1.0,0.0,0.0
104,104.0,-0.747258722782135,-0.030215200036764145,1.0,-0.775919497013092,-0.028660815209150314,-1.0,0.0,0.0
105,105.0,-0.775919497013092,-0.028660815209150314,1.0,-0.8028635382652283,-0.026944024488329887,-1.0,0.0,0.0
106,106.0,-0.8028635382652283,-0.026944024488329887,1.0,-0.8279496431350708,-0.02508610114455223,-1.0,0.0,0.0
107,107.0,-0.8279496431350708,-0.02508610114455223,1.0,-0.8510572910308838,-0.02310766838490963,-1.0,0.0,0.0
108,108.0,-0.8510572910308838,-0.02310766838490963,1.0,-0.872085452079773,-0.021028121933341026,-1.0,0.0,0.0
109,109.0,-0.872085452079773,-0.021028121933341026,1.0,-0.8909506797790527,-0.018865233287215233,-1.0,0.0,0.0
110,110.0,-0.8909506797790527,-0.018865233287215233,1.0,-0.9075855612754822,-0.01663488894701004,-1.0,0.0,0.0
111,111.0,-0.9075855612754822,-0.01663488894701004,1.0,-0.9219365119934082,-0.014350981451570988,-1.0,0.0,0.0
112,112.0,-0.9219365119934082,-0.014350981451570988,1.0,-0.9339619874954224,-0.012025429867208004,-1.0,0.0,0.0
113,113.0,-0.9339619874954224,-0.012025429867208004,1.0,-0.9436302781105042,-0.009668298996984959,-1.0,0.0,0.0
114,114.0,-0.9436302781105042,-0.009668298996984959,1.0,-0.9509182572364807,-0.007288001012057066,-1.0,0.0,0.0
115,115.0,-0.9509182572364807,-0.007288001012057066,1.0,-0.9558098316192627,-0.004891562275588512,-1.0,0.0,0.0
116,116.0,-0.9558098316192627,-0.004891562275588512,1.0,-0.9582947492599487,-0.002484931843355298,-1.0,0.0,0.0
117,117.0,-0.9582947492599487,-0.002484931843355298,1.0,-0.9583680629730225,-7.332283712457865e-05,-1.0,0.0,0.0
118,118.0,-0.9583680629730225,-7.332283712457865e-05,1.0,-0.9560296535491943,0.002338431077077985,-1.0,0.0,0.0
119,119.0,-0.9560296535491943,0.002338431077077985,2.0,-0.9502841234207153,0.005745507311075926,-1.0,0.0,0.0
120,120.0,-0.9502841234207153,0.005745507311075926,2.0,-0.9411435723304749,0.009140587411820889,-1.0,0.0,0.0
121,121.0,-0.9411435723304749,0.009140587411820889,2.0,-0.9286284446716309,0.012515117414295673,-1.0,0.0,0.0
122,122.0,-0.9286284446716309,0.012515117414295673,2.0,-0.9127697944641113,0.015858618542551994,-1.0,0.0,0.0
123,123.0,-0.9127697944641113,0.015858618542551994,2.0,-0.89361172914505,0.01915806159377098,-1.0,0.0,0.0
124,124.0,-0.89361172914505,0.01915806159377098,2.0,-0.8712143898010254,0.022397352382540703,-1.0,0.0,0.0
125,125.0,-0.8712143898010254,0.022397352382540703,2.0,-0.845657467842102,0.025556957349181175,-1.0,0.0,0.0
126,126.0,-0.845657467842102,0.025556957349181175,2.0,-0.8170437216758728,0.028613751754164696,-1.0,0.0,0.0
127,127.0,-0.8170437216758728,0.028613751754164696,2.0,-0.785502552986145,0.0315411314368248,-1.0,0.0,0.0
128,128.0,-0.785502552986145,0.0315411314368248,2.0,-0.751193106174469,0.034309450536966324,-1.0,0.0,0.0
129,129.0,-0.751193106174469,0.034309450536966324,2.0,-0.7143062949180603,0.03688683733344078,-1.0,0.0,0.0
130,130.0,-0.7143062949180603,0.03688683733344078,2.0,-0.6750658750534058,0.039240382611751556,-1.0,0.0,0.0
131,131.0,-0.6750658750534058,0.039240382611751556,2.0,-0.6337282061576843,0.041337694972753525,-1.0,0.0,0.0
132,132.0,-0.6337282061576843,0.041337694972753525,2.0,-0.5905794501304626,0.043148718774318695,-1.0,0.0,0.0
133,133.0,-0.5905794501304626,0.043148718774318695,2.0,-0.5459317564964294,0.0446477010846138,-1.0,0.0,0.0
134,134.0,-0.5459317564964294,0.0446477010846138,2.0,-0.5001167058944702,0.04581507295370102,-1.0,0.0,0.0
135,135.0,-0.5001167058944702,0.04581507295370102,2.0,-0.4534775912761688,0.046639103442430496,-1.0,0.0,0.0
136,136.0,-0.4534775912761688,0.046639103442430496,2.0,-0.40636053681373596,0.04711706563830376,-1.0,0.0,0.0
137,137.0,-0.40636053681373596,0.04711706563830376,2.0,-0.359104722738266,0.04725579544901848,-1.0,0.0,0.0
138,138.0,-0.359104722738266,0.04725579544901848,2.0,-0.31203317642211914,0.047071557492017746,-1.0,0.0,0.0
139,139.0,-0.31203317642211914,0.047071557492017746,2.0,-0.26544395089149475,0.04658922180533409,-1.0,0.0,0.0
140,140.0,-0.26544395089149475,0.04658922180533409,2.0,-0.2196030616760254,0.04584088921546936,-1.0,0.0,0.0
141,141.0,-0.2196030616760254,0.04584088921546936,2.0,-0.17473898828029633,0.04486408457159996,-1.0,0.0,0.0
142,142.0,-0.17473898828029633,0.04486408457159996,2.0,-0.13103918731212616,0.04369979351758957,-1.0,0.0,0.0
143,143.0,-0.13103918731212616,0.04369979351758957,2.0,-0.08864869177341461,0.04239049553871155,-1.0,0.0,0.0
144,144.0,-0.08864869177341461,0.04239049553871155,2.0,-0.04767030477523804,0.040978386998176575,-1.0,0.0,0.0
145,145.0,-0.04767030477523804,0.040978386998176575,2.0,-0.008166396990418434,0.039503905922174454,-1.0,0.0,0.0
146,146.0,-0.008166396990418434,0.039503905922174454,2.0,0.029838260263204575,0.03800465911626816,-1.0,0.0,0.0
147,147.0,0.029838260263204575,0.03800465911626816,2.0,0.06635292619466782,0.03651466593146324,-1.0,0.0,0.0
148,148.0,0.06635292619466782,0.03651466593146324,2.0,0.10141696035861969,0.035064034163951874,-1.0,0.0,0.0
149,149.0,0.10141696035861969,0.035064034163951874,2.0,0.13509581983089447,0.03367885574698448,-1.0,0.0,0.0
150,150.0,0.13509581983089447,0.03367885574698448,2.0,0.16747720539569855,0.03238138183951378,-1.0,0.0,0.0
151,151.0,0.16747720539569855,0.03238138183951378,2.0,0.19866754114627838,0.03119034692645073,-1.0,0.0,0.0
152,152.0,0.19866754114627838,0.03119034692645073,2.0,0.22878892719745636,0.03012138232588768,-1.0,0.0,0.0
153,153.0,0.22878892719745636,0.03012138232588768,2.0,0.2579764127731323,0.02918749675154686,-1.0,0.0,0.0
154,154.0,0.2579764127731323,0.02918749675154686,2.0,0.2863759994506836,0.028399573639035225,-1.0,0.0,0.0
155,155.0,0.2863759994506836,0.028399573639035225,2.0,0.3141428232192993,0.02776682749390602,-1.0,0.0,0.0
156,156.0,0.3141428232192993,0.02776682749390602,2.0,0.3414400815963745,0.027297265827655792,-1.0,0.0,0.0
157,157.0,0.3414400815963745,0.027297265827655792,2.0,0.36843815445899963,0.026998065412044525,-1.0,0.0,0.0
158,158.0,0.36843815445899963,0.026998065412044525,2.0,0.39531409740448,0.02687593176960945,-1.0,0.0,0.0
159,159.0,0.39531409740448,0.02687593176960945,2.0,0.42225146293640137,0.026937372982501984,-1.0,0.0,0.0
160,160.0,0.42225146293640137,0.026937372982501984,2.0,0.4494403898715973,0.027188925072550774,-1.0,0.0,0.0
161,161.0,0.4494403898715973,0.027188925072550774,2.0,0.4770776927471161,0.027637314051389694,-1.0,0.0,0.0
162,162.0,0.4770776927471161,0.027637314051389694,2.0,0.5053672194480896,0.028289536014199257,-1.0,1.0,0.0
163,0.0,-0.42904239892959595,0.0,1.0,-0.42974209785461426,-0.000699699972756207,-1.0,0.0,0.0
164,1.0,-0.42974209785461426,-0.000699699972756207,1.0,-0.43113645911216736,-0.001394360326230526,-1.0,0.0,0.0
165,2.0,-0.43113645911216736,-0.001394360326230526,1.0,-0.4332154393196106,-0.0020789687987416983,-1.0,0.0,0.0
166,3.0,-0.4332154393196106,-0.0020789687987416983,1.0,-0.43596401810646057,-0.002748567843809724,-1.0,0.0,0.0
167,4.0,-0.43596401810646057,-0.002748567843809724,1.0,-0.4393622875213623,-0.003398283151909709,-1.0,0.0,0.0
168,5.0,-0.4393622875213623,-0.003398283151909709,1.0,-0.44338563084602356,-0.004023354034870863,-1.0,0.0,0.0
169,6.0,-0.44338563084602356,-0.004023354034870863,1.0,-0.448004812002182,-0.004619162995368242,-1.0,0.0,0.0
170,7.0,-0.448004812002182,-0.004619162995368242,1.0,-0.4531860649585724,-0.0051812706515192986,-1.0,0.0,0.0
171,8.0,-0.4531860649585724,-0.0051812706515192986,1.0,-0.45889151096343994,-0.005705446936190128,-1.0,0.0,0.0
172,9.0,-0.45889151096343994,-0.005705446936190128,1.0,-0.46507924795150757,-0.0061877090483903885,-1.0,0.0,0.0
173,10.0,-0.46507924795150757,-0.0061877090483903885,1.0,-0.47170358896255493,-0.0066243549808859825,-1.0,0.0,0.0
174,11.0,-0.47170358896255493,-0.0066243549808859825,1.0,-0.47871559858322144,-0.0070119984447956085,-1.0,0.0,0.0
175,12.0,-0.47871559858322144,-0.0070119984447956085,1.0,-0.4860631823539734,-0.007347606122493744,-1.0,0.0,0.0
176,13.0,-0.4860631823539734,-0.007347606122493744,1.0,-0.49369171261787415,-0.007628528401255608,-1.0,0.0,0.0
177,14.0,-0.49369171261787415,-0.007628528401255608,1.0,-0.5015442371368408,-0.007852530106902122,-1.0,0.0,0.0
178,15.0,-0.5015442371368408,-0.007852530106902122,1.0,-0.509562075138092,-0.008017818443477154,-1.0,0.0,0.0
179,16.0,-0.509562075138092,-0.008017818443477154,1.0,-0.5176851153373718,-0.008123062551021576,-1.0,0.0,0.0
180,17.0,-0.5176851153373718,-0.008123062551021576,1.0,-0.5258525609970093,-0.00816741306334734,-1.0,0.0,0.0
181,18.0,-0.5258525609970093,-0.00816741306334734,1.0,-0.5340030789375305,-0.008150509558618069,-1.0,0.0,0.0
182,19.0,-0.5340030789375305,-0.008150509558618069,1.0,-0.5420755743980408,-0.008072489872574806,-1.0,0.0,0.0
183,20.0,-0.5420755743980408,-0.008072489872574806,1.0,-0.550009548664093,-0.007933985441923141,-1.0,0.0,0.0
184,21.0,-0.550009548664093,-0.007933985441923141,1.0,-0.557745635509491,-0.007736111991107464,-1.0,0.0,0.0
185,22.0,-0.557745635509491,-0.007736111991107464,1.0,-0.5652260780334473,-0.00748045789077878,-1.0,0.0,0.0
186,23.0,-0.5652260780334473,-0.00748045789077878,1.0,-0.5723951458930969,-0.00716906413435936,-1.0,0.0,0.0
187,24.0,-0.5723951458930969,-0.00716906413435936,1.0,-0.5791995525360107,-0.006804396864026785,-1.0,0.0,0.0
188,25.0,-0.5791995525360107,-0.006804396864026785,1.0,-0.5855888724327087,-0.006389321759343147,-1.0,0.0,0.0
189,26.0,-0.5855888724327087,-0.006389321759343147,1.0,-0.5915159583091736,-0.005927071440964937,-1.0,0.0,0.0
190,27.0,-0.5915159583091736,-0.005927071440964937,1.0,-0.5969371795654297,-0.005421209614723921,-1.0,0.0,0.0
191,28.0,-0.5969371795654297,-0.005421209614723921,1.0,-0.6018127799034119,-0.0048755984753370285,-1.0,0.0,0.0
192,29.0,-0.6018127799034119,-0.0048755984753370285,1.0,-0.6061071157455444,-0.004294361919164658,-1.0,0.0,0.0
193,30.0,-0.6061071157455444,-0.004294361919164658,1.0,-0.6097889542579651,-0.003681848756968975,-1.0,0.0,0.0
194,31.0,-0.6097889542579651,-0.003681848756968975,1.0,-0.6128315925598145,-0.0030426012817770243,-1.0,0.0,0.0
195,32.0,-0.6128315925598145,-0.0030426012817770243,1.0,-0.6152129173278809,-0.002381320111453533,-1.0,0.0,0.0
196,33.0,-0.6152129173278809,-0.002381320111453533,1.0,-0.6169157028198242,-0.0017028320580720901,-1.0,0.0,0.0
197,34.0,-0.6169157028198242,-0.0017028320580720901,1.0,-0.6179277896881104,-0.0010120610240846872,-1.0,0.0,0.0
198,35.0,-0.6179277896881104,-0.0010120610240846872,1.0,-0.6182417869567871,-0.0003139982291031629,-1.0,0.0,0.0
199,36.0,-0.6182417869567871,-0.0003139982291031629,1.0,-0.6178554892539978,0.0003863255842588842,-1.0,0.0,0.0
200,37.0,-0.6178554892539978,0.0003863255842588842,2.0,-0.6157715916633606,0.0020838675554841757,-1.0,0.0,0.0
201,38.0,-0.6157715916633606,0.0020838675554841757,2.0,-0.6120052337646484,0.0037663874682039022,-1.0,0.0,0.0
202,39.0,-0.6120052337646484,0.0037663874682039022,2.0,-0.6065835356712341,0.005421689711511135,-1.0,0.0,0.0
203,40.0,-0.6065835356712341,0.005421689711511135,2.0,-0.5995458364486694,0.007037666160613298,-1.0,0.0,0.0
204,41.0,-0.5995458364486694,0.007037666160613298,2.0,-0.5909435153007507,0.008602353744208813,-1.0,0.0,0.0
205,42.0,-0.5909435153007507,0.008602353744208813,2.0,-0.5808395147323608,0.010104009881615639,-1.0,0.0,0.0
206,43.0,-0.5808395147323608,0.010104009881615639,2.0,-0.5693082809448242,0.011531208641827106,-1.0,0.0,0.0
207,44.0,-0.5693082809448242,0.011531208641827106,2.0,-0.5564353466033936,0.012872956693172455,-1.0,0.0,0.0
208,45.0,-0.5564353466033936,0.012872956693172455,2.0,-0.5423164963722229,0.014118832536041737,-1.0,0.0,0.0
209,46.0,-0.5423164963722229,0.014118832536041737,2.0,-0.5270573496818542,0.01525914203375578,-1.0,0.0,0.0
210,47.0,-0.5270573496818542,0.01525914203375578,2.0,-0.5107722878456116,0.016285080462694168,-1.0,0.0,0.0
211,48.0,-0.5107722878456116,0.016285080462694168,2.0,-0.4935833513736725,0.01718890480697155,-1.0,0.0,0.0
212,49.0,-0.4935833513736725,0.01718890480697155,2.0,-0.47561925649642944,0.017964093014597893,-1.0,0.0,0.0
213,50.0,-0.47561925649642944,0.017964093014597893,2.0,-0.4570137858390808,0.018605489283800125,-1.0,0.0,0.0
214,51.0,-0.4570137858390808,0.018605489283800125,2.0,-0.43790435791015625,0.019109414890408516,-1.0,0.0,0.0
215,52.0,-0.43790435791015625,0.019109414890408516,2.0,-0.4184305965900421,0.019473763182759285,-1.0,0.0,0.0
216,53.0,-0.4184305965900421,0.019473763182759285,2.0,-0.39873257279396057,0.019698023796081543,-1.0,0.0,0.0
217,54.0,-0.39873257279396057,0.019698023796081543,2.0,-0.37894928455352783,0.019783275201916695,-1.0,0.0,0.0
218,55.0,-0.37894928455352783,0.019783275201916695,2.0,-0.35921716690063477,0.01973213441669941,-1.0,0.0,0.0
219,56.0,-0.35921716690063477,0.01973213441669941,2.0,-0.33966851234436035,0.01954863965511322,-1.0,0.0,0.0
220,57.0,-0.33966851234436035,0.01954863965511322,2.0,-0.3204304277896881,0.019238106906414032,-1.0,0.0,0.0
221,58.0,-0.3204304277896881,0.019238106906414032,2.0,-0.30162346363067627,0.018806951120495796,-1.0,0.0,0.0
222,59.0,-0.30162346363067627,0.018806951120495796,2.0,-0.2833609879016876,0.018262483179569244,-1.0,0.0,0.0
223,60.0,-0.2833609879016876,0.018262483179569244,2.0,-0.2657482922077179,0.017612680792808533,-1.0,0.0,0.0
224,61.0,-0.2657482922077179,0.017612680792808533,2.0,-0.24888232350349426,0.016865979880094528,-1.0,0.0,0.0
225,62.0,-0.24888232350349426,0.016865979880094528,2.0,-0.23285126686096191,0.0160310547798872,-1.0,0.0,0.0
226,63.0,-0.23285126686096191,0.0160310547798872,2.0,-0.21773464977741241,0.015116621740162373,-1.0,0.0,0.0
227,64.0,-0.21773464977741241,0.015116621740162373,2.0,-0.2036033719778061,0.014131269417703152,-1.0,0.0,0.0
228,65.0,-0.2036033719778061,0.014131269417703152,2.0,-0.19052006304264069,0.013083310797810555,-1.0,0.0,0.0
229,66.0,-0.19052006304264069,0.013083310797810555,2.0,-0.17853939533233643,0.011980665847659111,-1.0,0.0,0.0
230,67.0,-0.17853939533233643,0.011980665847659111,2.0,-0.167708620429039,0.010830782353878021,-1.0,0.0,0.0
231,68.0,-0.167708620429039,0.010830782353878021,2.0,-0.15806803107261658,0.009640582837164402,-1.0,0.0,0.0
232,69.0,-0.15806803107261658,0.009640582837164402,2.0,-0.14965158700942993,0.008416442200541496,-1.0,0.0,0.0
233,70.0,-0.14965158700942993,0.008416442200541496,2.0,-0.14248740673065186,0.007164189126342535,-1.0,0.0,0.0
234,71.0,-0.14248740673065186,0.007164189126342535,2.0,-0.13659825921058655,0.005889137275516987,-1.0,0.0,0.0
235,72.0,-0.13659825921058655,0.005889137275516987,2.0,-0.13200213015079498,0.004596130922436714,-1.0,0.0,0.0
236,73.0,-0.13200213015079498,0.004596130922436714,2.0,-0.1287125200033188,0.0032896087504923344,-1.0,0.0,0.0
237,74.0,-0.1287125200033188,0.0032896087504923344,2.0,-0.12673884630203247,0.0019736820831894875,-1.0,0.0,0.0
238,75.0,-0.12673884630203247,0.0019736820831894875,2.0,-0.12608662247657776,0.0006522213807329535,-1.0,0.0,0.0
239,76.0,-0.12608662247657776,0.0006522213807329535,2.0,-0.1267576664686203,-0.0006710502784699202,-1.0,0.0,0.0
240,77.0,-0.1267576664686203,-0.0006710502784699202,1.0,-0.12975013256072998,-0.0029924586415290833,-1.0,0.0,0.0
241,78.0,-0.12975013256072998,-0.0029924586415290833,1.0,-0.1350555717945099,-0.005305442959070206,-1.0,0.0,0.0
242,79.0,-0.1350555717945099,-0.005305442959070206,1.0,-0.14265860617160797,-0.007603034842759371,-1.0,0.0,0.0
243,80.0,-0.14265860617160797,-0.007603034842759371,1.0,-0.15253616869449615,-0.009877554140985012,-1.0,0.0,0.0
244,81.0,-0.15253616869449615,-0.009877554140985012,1.0,-0.16465649008750916,-0.01212033350020647,-1.0,0.0,0.0
245,82.0,-0.16465649008750916,-0.01212033350020647,1.0,-0.17897798120975494,-0.01432147715240717,-1.0,0.0,0.0
246,83.0,-0.17897798120975494,-0.01432147715240717,1.0,-0.1954476535320282,-0.01646967977285385,-1.0,0.0,0.0
247,84.0,-0.1954476535320282,-0.01646967977285385,1.0,-0.21399976313114166,-0.018552104011178017,-1.0,0.0,0.0
248,85.0,-0.21399976313114166,-0.018552104011178017,1.0,-0.23455411195755005,-0.020554354414343834,-1.0,0.0,0.0
249,86.0,-0.23455411195755005,-0.020554354414343834,1.0,-0.257014662027359,-0.02246055006980896,-1.0,0.0,0.0
250,87.0,-0.257014662027359,-0.02246055006980896,1.0,-0.2812681794166565,-0.02425350807607174,-1.0,0.0,0.0
251,88.0,-0.2812681794166565,-0.02425350807607174,1.0,-0.30718323588371277,-0.025915071368217468,-1.0,0.0,0.0
252,89.0,-0.30718323588371277,-0.025915071368217468,1.0,-0.3346097767353058,-0.02742653712630272,-1.0,0.0,0.0
253,90.0,-0.3346097767353058,-0.02742653712630272,1.0,-0.36337900161743164,-0.028769226744771004,-1.0,0.0,0.0
254,91.0,-0.36337900161743164,-0.028769226744771004,1.0,-0.39330413937568665,-0.029925135895609856,-1.0,0.0,0.0
255,92.0,-0.39330413937568665,-0.029925135895609856,1.0,-0.4241817891597748,-0.030877651646733284,-1.0,0.0,0.0
256,93.0,-0.4241817891597748,-0.030877651646733284,1.0,-0.4557940661907196,-0.031612273305654526,-1.0,0.0,0.0
257,94.0,-0.4557940661907196,-0.031612273305654526,1.0,-0.4879113733768463,-0.03211730718612671,-1.0,0.0,0.0
258,95.0,-0.4879113733768463,-0.03211730718612671,1.0,-0.5202958583831787,-0.03238445147871971,-1.0,0.0,0.0
259,96.0,-0.5202958583831787,-0.03238445147871971,1.0,-0.5527050495147705,-0.03240922465920448,-1.0,0.0,0.0
260,97.0,-0.5527050495147705,-0.03240922465920448,1.0,-0.5848962664604187,-0.0321912057697773,-1.0,0.0,0.0
261,98.0,-0.5848962664604187,-0.0321912057697773,1.0,-0.6166303157806396,-0.03173406049609184,-1.0,0.0,0.0
262,99.0,-0.6166303157806396,-0.03173406049609184,1.0,-0.6476756930351257,-0.031045347452163696,-1.0,0.0,0.0
263,100.0,-0.6476756930351257,-0.031045347452163696,1.0,-0.6778118014335632,-0.0301361121237278,-1.0,0.0,0.0
264,101.0,-0.6778118014335632,-0.0301361121237278,1.0,-0.7068321108818054,-0.029020333662629128,-1.0,0.0,0.0
265,102.0,-0.7068321108818054,-0.029020333662629128,1.0,-0.7345463633537292,-0.027714254334568977,-1.0,0.0,0.0
266,103.0,-0.7345463633537292,-0.027714254334568977,1.0,-0.76078200340271,-0.026235656812787056,-1.0,0.0,0.0
267,104.0,-0.76078200340271,-0.026235656812787056,1.0,-0.7853851318359375,-0.024603135883808136,-1.0,0.0,0.0
268,105.0,-0.7853851318359375,-0.024603135883808136,1.0,-0.808220624923706,-0.022835437208414078,-1.0,0.0,0.0
269,106.0,-0.808220624923706,-0.022835437208414078,1.0,-0.8291714787483215,-0.02095087245106697,-1.0,0.0,0.0
270,107.0,-0.8291714787483215,-0.02095087245106697,1.0,-0.8481383323669434,-0.018966849893331528,-1.0,0.0,0.0
271,108.0,-0.8481383323669434,-0.018966849893331528,1.0,-0.8650378584861755,-0.016899535432457924,-1.0,0.0,0.0
272,109.0,-0.8650378584861755,-0.016899535432457924,1.0,-0.8798015117645264,-0.014763636514544487,-1.0,0.0,0.0
273,110.0,-0.8798015117645264,-0.014763636514544487,1.0,-0.89237380027771,-0.01257230807095766,-1.0,0.0,0.0
274,111.0,-0.89237380027771,-0.01257230807095766,1.0,-0.9027109742164612,-0.01033716183155775,-1.0,0.0,0.0
275,112.0,-0.9027109742164612,-0.01033716183155775,1.0,-0.9107792973518372,-0.008068365976214409,-1.0,0.0,0.0
276,113.0,-0.9107792973518372,-0.008068365976214409,1.0,-0.9165541529655457,-0.00577482208609581,-1.0,0.0,0.0
277,114.0,-0.9165541529655457,-0.00577482208609581,1.0,-0.9200185537338257,-0.0034643884282559156,-1.0,0.0,0.0
278,115.0,-0.9200185537338257,-0.0034643884282559156,1.0,-0.9211626648902893,-0.00114415492862463,-1.0,0.0,0.0
279,116.0,-0.9211626648902893,-0.00114415492862463,1.0,-0.919983446598053,0.001179260085336864,-1.0,0.0,0.0
280,117.0,-0.919983446598053,0.001179260085336864,2.0,-0.9154840111732483,0.004499395377933979,-1.0,0.0,0.0
281,118.0,-0.9154840111732483,0.004499395377933979,2.0,-0.9076772928237915,0.007806751877069473,-1.0,0.0,0.0
282,119.0,-0.9076772928237915,0.007806751877069473,2.0,-0.8965863585472107,0.011090938933193684,-1.0,0.0,0.0
283,120.0,-0.8965863585472107,0.011090938933193684,2.0,-0.8822463154792786,0.014340058900415897,-1.0,0.0,0.0
284,121.0,-0.8822463154792786,0.014340058900415897,2.0,-0.8647061586380005,0.017540154978632927,-1.0,0.0,0.0
285,122.0,-0.8647061586380005,0.017540154978632927,2.0,-0.8440313935279846,0.02067475952208042,-1.0,0.0,0.0
286,123.0,-0.8440313935279846,0.02067475952208042,2.0,-0.8203067779541016,0.023724596947431564,-1.0,0.0,0.0
287,124.0,-0.8203067779541016,0.023724596947431564,2.0,-0.7936393022537231,0.02666747197508812,-1.0,0.0,0.0
288,125.0,-0.7936393022537231,0.02666747197508812,2.0,-0.7641609311103821,0.029478399083018303,-1.0,0.0,0.0
289,126.0,-0.7641609311103821,0.029478399083018303,2.0,-0.7320308685302734,0.032130029052495956,-1.0,0.0,0.0
290,127.0,-0.7320308685302734,0.032130029052495956,2.0,-0.6974375247955322,0.0345933735370636,-1.0,0.0,0.0
291,128.0,-0.6974375247955322,0.0345933735370636,2.0,-0.660598635673523,0.03683885931968689,-1.0,0.0,0.0
292,129.0,-0.660598635673523,0.03683885931968689,2.0,-0.6217609643936157,0.038837675005197525,-1.0,0.0,0.0
293,130.0,-0.6217609643936157,0.038837675005197525,2.0,-0.5811976790428162,0.040563296526670456,-1.0,0.0,0.0
294,131.0,-0.5811976790428162,0.040563296526670456,2.0,-0.5392045378684998,0.041993141174316406,-1.0,0.0,0.0
295,132.0,-0.5392045378684998,0.041993141174316406,2.0,-0.49609437584877014,0.04311014339327812,-1.0,0.0,0.0
296,133.0,-0.49609437584877014,0.04311014339327812,2.0,-0.4521903097629547,0.04390409216284752,-1.0,0.0,0.0
297,134.0,-0.4521903097629547,0.04390409216284752,2.0,-0.40781769156455994,0.044372618198394775,-1.0,0.0,0.0
298,135.0,-0.40781769156455994,0.044372618198394775,2.0,-0.3632960617542267,0.04452161490917206,-1.0,0.0,0.0
299,136.0,-0.3632960617542267,0.04452161490917206,2.0,-0.3189309239387512,0.04436515271663666,-1.0,0.0,0.0
300,137.0,-0.3189309239387512,0.04436515271663666,2.0,-0.27500611543655396,0.04392479360103607,-1.0,0.0,0.0
301,138.0,-0.27500611543655396,0.04392479360103607,2.0,-0.23177768290042877,0.04322843253612518,-1.0,0.0,0.0
302,139.0,-0.23177768290042877,0.04322843253612518,2.0,-0.1894688606262207,0.042308833450078964,-1.0,0.0,0.0
303,140.0,-0.1894688606262207,0.042308833450078964,2.0,-0.14826692640781403,0.04120193421840668,-1.0,0.0,0.0
304,141.0,-0.14826692640781403,0.04120193421840668,2.0,-0.10832173377275467,0.03994519263505936,-1.0,0.0,0.0
305,142.0,-0.10832173377275467,0.03994519263505936,2.0,-0.06974568963050842,0.03857603669166565,-1.0,0.0,0.0
306,143.0,-0.06974568963050842,0.03857603669166565,2.0,-0.03261512890458107,0.03713056445121765,-1.0,0.0,0.0
307,144.0,-0.03261512890458107,0.03713056445121765,2.0,0.0030273909214884043,0.03564251959323883,-1.0,0.0,0.0
308,145.0,0.0030273909214884043,0.03564251959323883,2.0,0.03717001527547836,0.0341426245868206,-1.0,0.0,0.0
309,146.0,0.03717001527547836,0.0341426245868206,2.0,0.06982816755771637,0.03265815228223801,-1.0,0.0,0.0
310,147.0,0.06982816755771637,0.03265815228223801,2.0,0.10104097425937653,0.031212804839015007,-1.0,0.0,0.0
311,148.0,0.10104097425937653,0.031212804839015007,2.0,0.13086774945259094,0.029826782643795013,-1.0,0.0,0.0
312,149.0,0.13086774945259094,0.029826782643795013,2.0,0.15938474237918854,0.028516992926597595,-1.0,0.0,0.0
313,150.0,0.15938474237918854,0.028516992926597595,2.0,0.18668211996555328,0.027297377586364746,-1.0,0.0,0.0
314,151.0,0.18668211996555328,0.027297377586364746,2.0,0.21286141872406006,0.026179302483797073,-1.0,0.0,0.0
315,152.0,0.21286141872406006,0.026179302483797073,2.0,0.23803338408470154,0.025171950459480286,-1.0,0.0,0.0
316,153.0,0.23803338408470154,0.025171950459480286,2.0,0.26231610774993896,0.02428274415433407,-1.0,0.0,0.0
317,154.0,0.26231610774993896,0.02428274415433407,2.0,0.28583383560180664,0.02351771853864193,-1.0,0.0,0.0
318,155.0,0.28583383560180664,0.02351771853864193,2.0,0.30871573090553284,0.022881897166371346,-1.0,0.0,0.0
319,156.0,0.30871573090553284,0.022881897166371346,2.0,0.3310953378677368,0.022379601374268532,-1.0,0.0,0.0
320,157.0,0.3310953378677368,0.022379601374268532,2.0,0.35311010479927063,0.02201475203037262,-1.0,0.0,0.0
321,158.0,0.35311010479927063,0.02201475203037262,2.0,0.3749012053012848,0.021791111677885056,-1.0,0.0,0.0
322,159.0,0.3749012053012848,0.021791111677885056,2.0,0.3966137170791626,0.02171250246465206,-1.0,0.0,0.0
323,160.0,0.3966137170791626,0.02171250246465206,2.0,0.4183966815471649,0.02178298309445381,-1.0,0.0,0.0
324,161.0,0.4183966815471649,0.02178298309445381,2.0,0.44040369987487793,0.02200700156390667,-1.0,0.0,0.0
325,162.0,0.44040369987487793,0.02200700156390667,2.0,0.4627932012081146,0.022389495745301247,-1.0,0.0,0.0
326,163.0,0.4627932012081146,0.022389495745301247,2.0,0.4857291579246521,0.022935979068279266,-1.0,0.0,0.0
327,164.0,0.4857291579246521,0.022935979068279266,2.0,0.5093817114830017,0.023652568459510803,-1.0,1.0,0.0
328,0.0,-0.5564627051353455,0.0,1.0,-0.5562166571617126,0.0002460804535076022,-1.0,0.0,0.0
329,1.0,-0.5562166571617126,0.0002460804535076022,2.0,-0.5547263026237488,0.0014903242699801922,-1.0,0.0,0.0
330,2.0,-0.5547263026237488,0.0014903242699801922,2.0,-0.5520028471946716,0.002723441692069173,-1.0,0.0,0.0
331,3.0,-0.5520028471946716,0.002723441692069173,2.0,-0.5480666756629944,0.003936214838176966,-1.0,0.0,0.0
332,4.0,-0.5480666756629944,0.003936214838176966,2.0,-0.5429471135139465,0.00511955888941884,-1.0,0.0,0.0
333,5.0,-0.5429471135139465,0.00511955888941884,2.0,-0.5366824865341187,0.0062645901925861835,-1.0,0.0,0.0
334,6.0,-0.5366824865341187,0.0062645901925861835,2.0,-0.5293198227882385,0.00736269261687994,-1.0,0.0,0.0
335,7.0,-0.5293198227882385,0.00736269261687994,2.0,-0.5209141969680786,0.008405598811805248,-1.0,0.0,0.0
336,8.0,-0.5209141969680786,0.008405598811805248,2.0,-0.511528730392456,0.00938546471297741,-1.0,0.0,0.0
337,9.0,-0.511528730392456,0.00938546471297741,2.0,-0.5012338161468506,0.01029495894908905,-1.0,0.0,0.0
338,10.0,-0.5012338161468506,0.01029495894908905,2.0,-0.4901064336299896,0.011127348057925701,-1.0,0.0,0.0
339,11.0,-0.4901064336299896,0.011127348057925701,2.0,-0.4782298803329468,0.011876577511429787,-1.0,0.0,0.0
340,12.0,-0.4782298803329468,0.011876577511429787,2.0,-0.46569252014160156,0.012537360191345215,-1.0,0.0,0.0
341,13.0,-0.46569252014160156,0.012537360191345215,2.0,-0.4525872766971588,0.013105244375765324,-1.0,0.0,0.0
342,14.0,-0.4525872766971588,0.013105244375765324,2.0,-0.4390105903148651,0.013576677069067955,-1.0,0.0,0.0
343,15.0,-0.4390105903148651,0.013576677069067955,2.0,-0.42506152391433716,0.01394905336201191,-1.0,0.0,0.0
344,16.0,-0.42506152391433716,0.01394905336201191,2.0,-0.410840779542923,0.014220740646123886,-1.0,0.0,0.0
345,17.0,-0.410840779542923,0.014220740646123886,2.0,-0.3964497148990631,0.014391091652214527,-1.0,0.0,0.0
346,18.0,-0.3964497148990631,0.014391091652214527,2.0,-0.3819892704486847,0.014460432343184948,-1.0,0.0,0.0
347,19.0,-0.3819892704486847,0.014460432343184948,2.0,-0.3675592541694641,0.014430020935833454,-1.0,0.0,0.0
348,20.0,-0.3675592541694641,0.014430020935833454,2.0,-0.3532572388648987,0.014302000403404236,-1.0,0.0,0.0
349,21.0,-0.3532572388648987,0.014302000403404236,2.0,-0.3391779363155365,0.01407932210713625,-1.0,0.0,0.0
350,22.0,-0.3391779363155365,0.01407932210713625,2.0,-0.3254122734069824,0.013765658251941204,-1.0,0.0,0.0
351,23.0,-0.3254122734069824,0.013765658251941204,2.0,-0.31204697489738464,0.013365297578275204,-1.0,0.0,0.0
352,24.0,-0.31204697489738464,0.013365297578275204,2.0,-0.29916393756866455,0.012883047573268414,-1.0,0.0,0.0
353,25.0,-0.29916393756866455,0.012883047573268414,2.0,-0.2868398129940033,0.012324116192758083,-1.0,0.0,0.0
354,26.0,-0.2868398129940033,0.012324116192758083,2.0,-0.2751457989215851,0.011694006621837616,-1.0,0.0,0.0
355,27.0,-0.2751457989215851,0.011694006621837616,2.0,-0.2641473710536957,0.010998417623341084,-1.0,0.0,0.0
356,28.0,-0.2641473710536957,0.010998417623341084,2.0,-0.25390422344207764,0.010243146680295467,-1.0,0.0,0.0
357,29.0,-0.25390422344207764,0.010243146680295467,2.0,-0.24447022378444672,0.009434008970856667,-1.0,0.0,0.0
358,30.0,-0.24447022378444672,0.009434008970856667,2.0,-0.23589345812797546,0.008576770313084126,-1.0,0.0,0.0
359,31.0,-0.23589345812797546,0.008576770313084126,2.0,-0.22821636497974396,0.0076770903542637825,-1.0,0.0,0.0
360,32.0,-0.22821636497974396,0.0076770903542637825,2.0,-0.22147588431835175,0.0067404876463115215,-1.0,0.0,0.0
361,33.0,-0.22147588431835175,0.0067404876463115215,2.0,-0.2157035619020462,0.005772313103079796,-1.0,0.0,0.0
362,34.0,-0.2157035619020462,0.005772313103079796,2.0,-0.21092583239078522,0.004777740687131882,-1.0,0.0,0.0
363,35.0,-0.21092583239078522,0.004777740687131882,2.0,-0.20716404914855957,0.003761770436540246,-1.0,0.0,0.0
364,36.0,-0.20716404914855957,0.003761770436540246,2.0,-0.2044348120689392,0.002729244064539671,-1.0,0.0,0.0
365,37.0,-0.2044348120689392,0.002729244064539671,2.0,-0.20274993777275085,0.0016848676605150104,-1.0,0.0,0.0
366,38.0,-0.20274993777275085,0.0016848676605150104,2.0,-0.2021166980266571,0.0006332442862913013,-1.0,0.0,0.0
367,39.0,-0.2021166980266571,0.0006332442862913013,2.0,-0.20253778994083405,-0.0004210893821436912,-1.0,0.0,0.0
368,40.0,-0.20253778994083405,-0.0004210893821436912,1.0,-0.20501141250133514,-0.002473621629178524,-1.0,0.0,0.0
369,41.0,-0.20501141250133514,-0.002473621629178524,1.0,-0.2095269113779068,-0.004515505861490965,-1.0,0.0,0.0
370,42.0,-0.2095269113779068,-0.004515505861490965,1.0,-0.21606457233428955,-0.006537662819027901,-1.0,0.0,0.0
371,43.0,-0.21606457233428955,-0.006537662819027901,1.0,-0.22459517419338226,-0.008530601859092712,-1.0,0.0,0.0
372,44.0,-0.22459517419338226,-0.008530601859092712,1.0,-0.23507945239543915,-0.01048426516354084,-1.0,0.0,0.0
373,45.0,-0.23507945239543915,-0.01048426516354084,1.0,-0.24746735394001007,-0.012387908063828945,-1.0,0.0,0.0
374,46.0,-0.24746735394001007,-0.012387908063828945,1.0,-0.261697381734848,-0.014230025000870228,-1.0,0.0,0.0
375,47.0,-0.261697381734848,-0.014230025000870228,1.0,-0.2776957154273987,-0.01599833182990551,-1.0,0.0,0.0
376,48.0,-0.2776957154273987,-0.01599833182990551,1.0,-0.2953755259513855,-0.017679817974567413,-1.0,0.0,0.0
377,49.0,-0.2953755259513855,-0.017679817974567413,1.0,-0.31463637948036194,-0.019260860979557037,-1.0,0.0,0.0
378,50.0,-0.31463637948036194,-0.019260860979557037,1.0,-0.33536383509635925,-0.020727427676320076,-1.0,0.0,0.0
379,51.0,-0.33536383509635925,-0.020727427676320076,1.0,-0.357429176568985,-0.02206534519791603,-1.0,0.0,0.0
380,52.0,-0.357429176568985,-0.02206534519791603,1.0,-0.380689799785614,-0.023260636255145073,-1.0,0.0,0.0
381,53.0,-0.380689799785614,-0.023260636255145073,1.0,-0.40498971939086914,-0.024299919605255127,-1.0,0.0,0.0
382,54.0,-0.40498971939086914,-0.024299919605255127,1.0,-0.4301605522632599,-0.025170832872390747,-1.0,0.0,0.0
383,55.0,-0.4301605522632599,-0.025170832872390747,1.0,-0.45602303743362427,-0.025862477719783783,-1.0,0.0,0.0
384,56.0,-0.45602303743362427,-0.025862477719783783,1.0,-0.48238885402679443,-0.02636583149433136,-1.0,0.0,0.0
385,57.0,-0.48238885402679443,-0.02636583149433136,1.0,-0.5090630054473877,-0.026674119755625725,-1.0,0.0,0.0
386,58.0,-0.5090630054473877,-0.026674119755625725,1.0,-0.5358461141586304,-0.026783103123307228,-1.0,0.0,0.0
387,59.0,-0.5358461141586304,-0.026783103123307228,1.0,-0.5625373721122742,-0.026691269129514694,-1.0,0.0,0.0
388,60.0,-0.5625373721122742,-0.026691269129514694,1.0,-0.5889372229576111,-0.026399893686175346,-1.0,0.0,0.0
389,61.0,-0.5889372229576111,-0.026399893686175346,1.0,-0.6148502230644226,-0.02591298706829548,-1.0,0.0,0.0
390,62.0,-0.6148502230644226,-0.02591298706829548,1.0,-0.640087366104126,-0.02523711696267128,-1.0,0.0,0.0
391,63.0,-0.640087366104126,-0.02523711696267128,1.0,-0.6644684672355652,-0.024381127208471298,-1.0,0.0,0.0
392,64.0,-0.6644684672355652,-0.024381127208471298,1.0,-0.6878242492675781,-0.023355774581432343,-1.0,0.0,0.0
393,65.0,-0.6878242492675781,-0.023355774581432343,1.0,-0.7099975943565369,-0.022173309698700905,-1.0,0.0,0.0
394,66.0,-0.7099975943565369,-0.022173309698700905,1.0,-0.7308446168899536,-0.020847046747803688,-1.0,0.0,0.0
395,67.0,-0.7308446168899536,-0.020847046747803688,1.0,-0.7502355575561523,-0.019390925765037537,-1.0,0.0,0.0
396,68.0,-0.7502355575561523,-0.019390925765037537,1.0,-0.7680546641349792,-0.0178191177546978,-1.0,0.0,0.0
397,69.0,-0.7680546641349792,-0.0178191177546978,1.0,-0.7842003107070923,-0.016145680099725723,-1.0,0.0,0.0
398,70.0,-0.7842003107070923,-0.016145680099725723,1.0,-0.7985846400260925,-0.014384276233613491,-1.0,0.0,0.0
399,71.0,-0.7985846400260925,-0.014384276233613491,1.0,-0.8111326098442078,-0.01254797913134098,-1.0,0.0,0.0
400,72.0,-0.8111326098442078,-0.01254797913134098,1.0,-0.8217817544937134,-0.010649135336279869,-1.0,0.0,0.0
401,73.0,-0.8217817544937134,-0.010649135336279869,1.0,-0.8304810523986816,-0.008699318394064903,-1.0,0.0,0.0
402,74.0,-0.8304810523986816,-0.008699318394064903,1.0,-0.8371903896331787,-0.006709335371851921,-1.0,0.0,0.0
403,75.0,-0.8371903896331787,-0.006709335371851921,1.0,-0.841879665851593,-0.004689298570156097,-1.0,0.0,0.0
404,76.0,-0.841879665851593,-0.004689298570156097,1.0,-0.8445284366607666,-0.00264874123968184,-1.0,0.0,0.0
405,77.0,-0.8445284366607666,-0.00264874123968184,1.0,-0.8451251983642578,-0.0005967714241705835,-1.0,0.0,0.0
406,78.0,-0.8451251983642578,-0.0005967714241705835,1.0,-0.8436674475669861,0.0014577517285943031,-1.0,0.0,0.0
407,79.0,-0.8436674475669861,0.0014577517285943031,2.0,-0.8391613960266113,0.004506025929003954,-1.0,0.0,0.0
408,80.0,-0.8391613960266113,0.004506025929003954,2.0,-0.8316266536712646,0.007534737233072519,-1.0,0.0,0.0
409,81.0,-0.8316266536712646,0.007534737233072519,2.0,-0.8210967779159546,0.010529909282922745,-1.0,0.0,0.0
410,82.0,-0.8210967779159546,0.010529909282922745,2.0,-0.8076202869415283,0.013476507738232613,-1.0,0.0,0.0
411,83.0,-0.8076202869415283,0.013476507738232613,2.0,-0.791262149810791,0.016358111053705215,-1.0,0.0,0.0
412,84.0,-0.791262149810791,0.016358111053705215,2.0,-0.7721054553985596,0.019156700000166893,-1.0,0.0,0.0
413,85.0,-0.7721054553985596,0.019156700000166893,2.0,-0.7502528429031372,0.021852586418390274,-1.0,0.0,0.0
414,86.0,-0.7502528429031372,0.021852586418390274,2.0,-0.7258283495903015,0.024424495175480843,-1.0,0.0,0.0
415,87.0,-0.7258283495903015,0.024424495175480843,2.0,-0.6989784836769104,0.02684987150132656,-1.0,0.0,0.0
416,88.0,-0.6989784836769104,0.02684987150132656,2.0,-0.6698731184005737,0.02910536713898182,-1.0,0.0,0.0
417,89.0,-0.6698731184005737,0.02910536713898182,2.0,-0.6387055516242981,0.03116755187511444,-1.0,0.0,0.0
418,90.0,-0.6387055516242981,0.03116755187511444,2.0,-0.6056917905807495,0.03301379829645157,-1.0,0.0,0.0
419,91.0,-0.6056917905807495,0.03301379829645157,2.0,-0.5710684657096863,0.034623291343450546,-1.0,0.0,0.0
420,92.0,-0.5710684657096863,0.034623291343450546,2.0,-0.5350903868675232,0.03597811236977577,-1.0,0.0,0.0
421,93.0,-0.5350903868675232,0.03597811236977577,2.0,-0.4980261027812958,0.03706428036093712,-1.0,0.0,0.0
422,94.0,-0.4980261027812958,0.03706428036093712,2.0,-0.4601534307003021,0.03787267580628395,-1.0,0.0,0.0
423,95.0,-0.4601534307003021,0.03787267580628395,2.0,-0.42175373435020447,0.03839970380067825,-1.0,0.0,0.0
424,96.0,-0.42175373435020447,0.03839970380067825,2.0,-0.3831060230731964,0.038647692650556564,-1.0,0.0,0.0
425,97.0,-0.3831060230731964,0.038647692650556564,2.0,-0.34448111057281494,0.03862491995096207,-1.0,0.0,0.0
426,98.0,-0.34448111057281494,0.03862491995096207,2.0,-0.3061358630657196,0.03834525868296623,-1.0,0.0,0.0
427,99.0,-0.3061358630657196,0.03834525868296623,2.0,-0.2683083117008209,0.037827543914318085,-1.0,0.0,0.0
428,100.0,-0.2683083117008209,0.037827543914318085,2.0,-0.23121367394924164,0.03709463030099869,-1.0,0.0,0.0
429,101.0,-0.23121367394924164,0.03709463030099869,2.0,-0.19504135847091675,0.03617232292890549,-1.0,0.0,0.0
430,102.0,-0.19504135847091675,0.03617232292890549,2.0,-0.15995314717292786,0.03508821129798889,-1.0,0.0,0.0
431,103.0,-0.15995314717292786,0.03508821129798889,2.0,-0.12608258426189423,0.03387056291103363,-1.0,0.0,0.0
432,104.0,-0.12608258426189423,0.03387056291103363,2.0,-0.09353529661893845,0.03254728019237518,-1.0,0.0,0.0
433,105.0,-0.09353529661893845,0.03254728019237518,2.0,-0.06239023804664612,0.031145060434937477,-1.0,0.0,0.0
434,106.0,-0.06239023804664612,0.031145060434937477,2.0,-0.0327015146613121,0.029688723385334015,-1.0,0.0,0.0
435,107.0,-0.0327015146613121,0.029688723385334015,2.0,-0.0045007700100541115,0.028200745582580566,-1.0,0.0,0.0
436,108.0,-0.0045007700100541115,0.028200745582580566,2.0,0.0222002025693655,0.026700973510742188,-1.0,0.0,0.0
437,109.0,0.0222002025693655,0.026700973510742188,2.0,0.047406718134880066,0.025206515565514565,-1.0,0.0,0.0
438,110.0,0.047406718134880066,0.025206515565514565,2.0,0.07113847881555557,0.023731756955385208,-1.0,0.0,0.0
439,111.0,0.07113847881555557,0.023731756955385208,2.0,0.09342695027589798,0.022288473322987556,-1.0,0.0,0.0
440,112.0,0.09342695027589798,0.022288473322987556,2.0,0.11431297659873962,0.020886028185486794,-1.0,0.0,0.0
441,113.0,0.11431297659873962,0.020886028185486794,2.0,0.13384458422660828,0.019531602039933205,-1.0,0.0,0.0
442,114.0,0.13384458422660828,0.019531602039933205,2.0,0.15207502245903015,0.018230445683002472,-1.0,0.0,0.0
443,115.0,0.15207502245903015,0.018230445683002472,2.0,0.16906116902828217,0.016986140981316566,-1.0,0.0,0.0
444,116.0,0.16906116902828217,0.016986140981316566,2.0,0.18486201763153076,0.015800850465893745,-1.0,0.0,0.0
445,117.0,0.18486201763153076,0.015800850465893745,2.0,0.19953757524490356,0.014675554819405079,-1.0,0.0,0.0
446,118.0,0.19953757524490356,0.014675554819405079,2.0,0.213147833943367,0.013610259629786015,-1.0,0.0,0.0
447,119.0,0.213147833943367,0.013610259629786015,2.0,0.22575202584266663,0.012604189105331898,-1.0,0.0,0.0
448,120.0,0.22575202584266663,0.012604189105331898,2.0,0.23740796744823456,0.011655951850116253,-1.0,0.0,0.0
449,121.0,0.23740796744823456,0.011655951850116253,2.0,0.2481716424226761,0.010763675905764103,-1.0,0.0,0.0
450,122.0,0.2481716424226761,0.010763675905764103,2.0,0.2580967843532562,0.009925133548676968,-1.0,0.0,0.0
451,123.0,0.2580967843532562,0.009925133548676968,2.0,0.2672346234321594,0.009137840010225773,-1.0,0.0,0.0
452,124.0,0.2672346234321594,0.009137840010225773,2.0,0.2756337523460388,0.008399131707847118,-1.0,0.0,0.0
453,125.0,0.2756337523460388,0.008399131707847118,2.0,0.2833399772644043,0.007706233765929937,-1.0,0.0,0.0
454,126.0,0.2833399772644043,0.007706233765929937,2.0,0.2903963029384613,0.007056313566863537,-1.0,0.0,0.0
455,127.0,0.2903963029384613,0.007056313566863537,2.0,0.2968428134918213,0.0064465198665857315,-1.0,0.0,0.0
456,128.0,0.2968428134918213,0.0064465198665857315,2.0,0.30271685123443604,0.005874016787856817,-1.0,0.0,0.0
457,129.0,0.30271685123443604,0.005874016787856817,2.0,0.30805283784866333,0.0053360047750175,-1.0,0.0,0.0
458,130.0,0.30805283784866333,0.0053360047750175,2.0,0.31288257241249084,0.0048297387547791,-1.0,0.0,0.0
459,131.0,0.31288257241249084,0.0048297387547791,2.0,0.3172351121902466,0.004352539777755737,-1.0,0.0,0.0
460,132.0,0.3172351121902466,0.004352539777755737,2.0,0.3211369216442108,0.00390180223621428,-1.0,0.0,0.0
461,133.0,0.3211369216442108,0.00390180223621428,2.0,0.32461193203926086,0.0034749957267194986,-1.0,0.0,0.0
462,134.0,0.32461193203926086,0.0034749957267194986,2.0,0.32768160104751587,0.0030696673784404993,-1.0,0.0,0.0
463,135.0,0.32768160104751587,0.0030696673784404993,2.0,0.33036503195762634,0.002683439292013645,-1.0,0.0,0.0
464,136.0,0.33036503195762634,0.002683439292013645,2.0,0.33267903327941895,0.0023140041157603264,-1.0,0.0,0.0
465,137.0,0.33267903327941895,0.0023140041157603264,2.0,0.33463814854621887,0.001959121786057949,-1.0,0.0,0.0
466,138.0,0.33463814854621887,0.001959121786057949,2.0,0.3362547755241394,0.001616611029021442,-1.0,0.0,0.0
467,139.0,0.3362547755241394,0.001616611029021442,2.0,0.33753910660743713,0.0012843441218137741,-1.0,0.0,0.0
468,140.0,0.33753910660743713,0.0012843441218137741,2.0,0.3384993374347687,0.0009602379286661744,-1.0,0.0,0.0
469,141.0,0.3384993374347687,0.0009602379286661744,2.0,0.3391415774822235,0.0006422459264285862,-1.0,0.0,0.0
470,142.0,0.3391415774822235,0.0006422459264285862,2.0,0.33946993947029114,0.00032834947342053056,-1.0,0.0,0.0
471,143.0,0.33946993947029114,0.00032834947342053056,2.0,0.3394864797592163,1.654874904488679e-05,-1.0,0.0,0.0
472,144.0,0.3394864797592163,1.654874904488679e-05,2.0,0.33919134736061096,-0.000295146310236305,-1.0,0.0,0.0
473,145.0,0.33919134736061096,-0.000295146310236305,1.0,0.33758261799812317,-0.001608725287951529,-1.0,0.0,0.0
474,146.0,0.33758261799812317,-0.001608725287951529,1.0,0.33465006947517395,-0.0029325545765459538,-1.0,0.0,0.0
475,147.0,0.33465006947517395,-0.0029325545765459538,1.0,0.330375075340271,-0.004274989943951368,-1.0,0.0,0.0
476,148.0,0.330375075340271,-0.004274989943951368,1.0,0.3247307240962982,-0.005644361954182386,-1.0,0.0,0.0
477,149.0,0.3247307240962982,-0.005644361954182386,1.0,0.31768175959587097,-0.007048953324556351,-1.0,0.0,0.0
478,150.0,0.31768175959587097,-0.007048953324556351,1.0,0.3091847896575928,-0.008496961556375027,-1.0,0.0,0.0
479,151.0,0.3091847896575928,-0.008496961556375027,1.0,0.2991883456707001,-0.009996443055570126,-1.0,0.0,0.0
480,152.0,0.2991883456707001,-0.009996443055570126,1.0,0.28763312101364136,-0.011555232107639313,-1.0,0.0,0.0
481,153.0,0.28763312101364136,-0.011555232107639313,1.0,0.2744522988796234,-0.013180825859308243,-1.0,0.0,0.0
482,154.0,0.2744522988796234,-0.013180825859308243,1.0,0.2595720589160919,-0.014880233444273472,-1.0,0.0,0.0
483,155.0,0.2595720589160919,-0.014880233444273472,1.0,0.24291229248046875,-0.016659772023558617,-1.0,0.0,0.0
484,156.0,0.24291229248046875,-0.016659772023558617,1.0,0.22438748180866241,-0.018524812534451485,-1.0,0.0,0.0
485,157.0,0.22438748180866241,-0.018524812534451485,1.0,0.2039080262184143,-0.02047944813966751,-1.0,0.0,0.0
486,158.0,0.2039080262184143,-0.02047944813966751,1.0,0.1813819259405136,-0.022526096552610397,-1.0,0.0,0.0
487,159.0,0.1813819259405136,-0.022526096552610397,1.0,0.15671691298484802,-0.024665020406246185,-1.0,0.0,0.0
488,160.0,0.15671691298484802,-0.024665020406246185,1.0,0.12982314825057983,-0.026893770322203636,-1.0,0.0,0.0
489,161.0,0.12982314825057983,-0.026893770322203636,1.0,0.10061659663915634,-0.029206546023488045,-1.0,0.0,0.0
490,162.0,0.10061659663915634,-0.029206546023488045,1.0,0.06902308017015457,-0.03159351646900177,-1.0,0.0,0.0
491,163.0,0.06902308017015457,-0.03159351646900177,1.0,0.034982964396476746,-0.03404011204838753,-1.0,0.0,0.0
492,164.0,0.034982964396476746,-0.03404011204838753,1.0,-0.0015433910302817822,-0.036526355892419815,-1.0,0.0,0.0
493,165.0,-0.0015433910302817822,-0.036526355892419815,1.0,-0.040569718927145004,-0.03902633115649223,-1.0,0.0,0.0
494,166.0,-0.040569718927145004,-0.03902633115649223,1.0,-0.08207755535840988,-0.04150783643126488,-1.0,0.0,0.0
495,167.0,-0.08207755535840988,-0.04150783643126488,1.0,-0.1260099858045578,-0.04393243044614792,-1.0,0.0,0.0
496,168.0,-0.1260099858045578,-0.04393243044614792,1.0,-0.1722659021615982,-0.04625591263175011,-1.0,0.0,0.0
497,169.0,-0.1722659021615982,-0.04625591263175011,1.0,-0.22069533169269562,-0.04842942953109741,-1.0,0.0,0.0
498,170.0,-0.22069533169269562,-0.04842942953109741,1.0,-0.27109652757644653,-0.05040120705962181,-1.0,0.0,0.0
499,171.0,-0.27109652757644653,-0.05040120705962181,1.0,-0.323215514421463,-0.05211898684501648,-1.0,0.0,0.0
